date_ct,from_masked,to_number,agent_version,duration_s,disconnection_reason,e2e_p50_ms,e2e_p90_ms,llm_p50_ms,llm_p90_ms,avg_tokens_per_request,llm_requests,tools_called,first_agent_turn_end_s,first_agent_turn_words,user_turns,call_id_last8
2026-09-26 13:08:09,781-…-6601,414-240-8930,49,28.6,user_hangup,1032,1046,537,639,6401,2,,7.93,26,2,44df3586
2026-09-26 12:36:43,414-…-7912,DEMO-POOL-01 (…8042),49,26.2,user_hangup,2915,2915,332,596,6432,2,,4.23,12,3,4b11511d
2026-09-24 11:15:18,414-…-1206,DEMO-POOL-04 (…1886),49,9.5,user_hangup,,,3,3,,,,9.41,29,0,4c82ac20
2026-09-14 11:36:21,206-…-5656,414-240-8930,49,231.3,agent_hangup,1479,2294,841,1678,6885,40,end_call,4.65,17,28,397196eb
2026-09-14 11:34:20,206-…-5656,414-240-8930,49,89.0,user_hangup,1757,2877,687,1059,6506,8,,8.0,26,7,ceee98e9
2026-08-28 20:17:35,414-…-6313,DEMO-POOL-03 (…6486),48,21.3,user_hangup,,,2,2,,,,15.88,53,0,eec8db20
2026-08-28 20:14:08,414-…-6313,DEMO-POOL-03 (…6486),48,71.3,user_hangup,,,336,601,6459,1,,15.24,53,0,e0805024
2026-08-27 17:49:52,833-…-3692,414-240-8930,48,3.8,user_hangup,,,2,2,,,,3.66,10,0,89cc618e
2026-08-27 08:31:48,414-…-4095,DEMO-POOL-03 (…6486),48,11.1,user_hangup,,,3,3,,,,10.43,35,0,a9c82a0b
2026-08-23 21:49:33,407-…-0731,414-240-8930,48,52.0,user_hangup,904,959,633,652,6420,5,,7.17,26,4,57f8cedf
2026-08-19 19:19:12,Anonymous,414-240-8930,46,174.6,agent_hangup,1055,2480,662,1208,5587,17,book_appointment|end_call,7.85,26,14,2398bf46
2026-08-19 15:52:21,414-…-0953,DEMO-POOL-04 (…1886),46,28.0,user_hangup,2367,2763,877,1367,5262,8,,3.04,8,5,c22792cd
2026-08-19 15:51:46,414-…-0953,DEMO-POOL-04 (…1886),46,30.6,user_hangup,3023,3023,708,1269,5252,3,,5.52,15,1,603f99e1
2026-08-19 15:51:30,414-…-0953,DEMO-POOL-04 (…1886),46,8.3,user_hangup,,,3,3,,,,8.08,23,0,fb30a707
2026-08-19 11:10:32,Anonymous,414-240-8930,46,31.1,user_hangup,3168,3168,1420,2552,5246,1,,8.01,26,1,f64067d2
2026-08-17 11:14:54,347-…-9956,414-240-8930,40,255.9,agent_hangup,1220,2310,642,1127,4774,18,book_appointment|end_call,4.64,15,15,417fa162
2026-08-16 18:40:43,678-…-9407,414-240-8930,40,2.0,user_hangup,,,2,2,,,,1.88,5,0,9798b347
2026-08-12 09:46:54,414-…-0953,DEMO-POOL-04 (…1886),39,5.5,user_hangup,,,2,2,,,,4.68,15,0,97ea5821
2026-08-07 19:18:43,414-…-4494,DEMO-POOL-01 (…8042),38,13.3,user_hangup,3461,3461,380,681,4132,1,,5.2,15,0,abbde369
2026-08-02 23:58:47,817-…-8422,414-240-8930,38,187.8,user_hangup,1375,2823,869,984,4588,32,,5.43,15,37,22f097e9
